total_blinks,avg_blinks_per_minute,min_aspect_ratio,max_aspect_ratio,avg_aspect_ratio,min_blink_duration_in_ms,max_blink_duration_in_ms,avg_blink_duration_in_ms,participant,difficulty_level,difficulty_easy,difficulty_hard,difficulty_medium
35,14.323529411764708,0.0610057254911319,0.3465821768624753,0.2849334711744327,34.22313483915127,376.454483230664,124.18108927349178,participant_1,easy,1,0,0
16,6.57244611059044,0.0856841282466075,0.3404273879451818,0.28270025115662,34.22313483915127,273.78507871321017,89.83572895277209,participant_1,hard,0,1,0
13,5.3201680672268905,0.1228509052744666,0.3467832154687518,0.2903803037885091,34.22313483915127,376.454483230664,205.33880903490763,participant_1,medium,0,0,1
9,2.1365546218487395,0.0689750672455981,0.2988924079109877,0.2492695359124754,58.99705014749263,353.98230088495575,144.21501147164864,participant_2,easy,1,0,0
7,1.663706473475111,0.0525236995078333,0.3065772901289781,0.252732822099891,58.99705014749263,176.99115044247787,117.99410029498526,participant_2,hard,0,1,0
7,1.6617647058823528,0.0900411639870794,0.2890941178036295,0.2466901704520662,58.99705014749263,353.98230088495575,109.56595027391486,participant_2,medium,0,0,1
